" and "," and "
" The customer doesn't exist in the system anymore"," The customer doesn't exist in the system anymore"
"(Absolute path or Relative to Magento install root, ex. var/export)","(Absolute path or Relative to Magento install root, ex. var/export)"
"(For US 2-letter state names)","(For US 2-letter state names)"
"(If left empty will be auto-generated)","(If left empty will be auto-generated)"
"(Leave empty for first spreadsheet)","(Leave empty for first spreadsheet)"
"(Products will be added/updated to this store if 'store' column is blank or missing in the import file.)","(Products will be added/updated to this store if 'store' column is blank or missing in the import file.)"
"(Shift-)Click or drag to change value","(Shift-)Click or drag to change value"
"(Starting with)","(Starting with)"
"(When 'No', only mapped fields will be imported. When mapping, use 'column1', 'column2', etc.)","(When 'No', only mapped fields will be imported. When mapping, use 'column1', 'column2', etc.)"
"(You have to increase php memory_limit before changing this value)","(You have to increase php memory_limit before changing this value)"
"(\t for tab)","(\t for tab)"
"* - If indexing is in progress, it will be killed and new indexing process will start","* - If indexing is in progress, it will be killed and new indexing process will start"
"- Click on any of the time parts to increase it","- Click on any of the time parts to increase it"
"- Hold mouse button on any of the above buttons for faster selection.","- Hold mouse button on any of the above buttons for faster selection."
"- or click and drag for faster selection.","- or click and drag for faster selection."
"- or Shift-click to decrease it","- or Shift-click to decrease it"
"- Use the %s buttons to select month","- Use the %s buttons to select month"
"- Use the %s, %s buttons to select year","- Use the %s, %s buttons to select year"
"-- Please Select --","-- Please Select --"
"-- Please select --","-- Please select --"
"-- Please select a category --","-- Please select a category --"
"--Please Select--","--Please Select--"
"1 Hour","1 Hour"
"12 Hours","12 Hours"
"2 Hours","2 Hours"
"24 Hours","24 Hours"
"2YTD","2YTD"
"6 Hours","6 Hours"
"Log in to Admin Panel","<em>Ingresar</em> al Panel de Administración"
"<h1 class=""page-heading"">404 Error</h1><p>Page not found.</p>","<h1 class=""page-heading"">404 Error</h1><p>Page not found.</p>"
"<h1 class=""page-heading"">Access denied</h1><p>Access denied.</p>","<h1 class=""page-heading"">Access denied</h1><p>Access denied.</p>"
"Total %d records found","<strong>%d</strong> archivos encontrados en total"
"Credit Card Number: xxxx-%s","<strong>Número de tarjeta de crédito:</strong> <span class=""nowrap"">xxxx-%s</span>"
"Name on the Card: %s","<strong>Nombre que aparece en la tarjeta:</strong> <span class=""nowrap"">%s</span>"
"Credit Card Type: %s","<strong>Tipo de tarjeta de crédito:</strong> <span class=""nowrap"">%s</span>"
"To","a"
"A new password was sent to your email address. Please check your email and click Back to Login.","A new password was sent to your email address. Please check your email and click Back to Login."
"Add","Añadir"
"Add New Template","Añadir nueva plantilla"
"Add new Role","Añadir nuevo rol"
"Add New Role","Añadir nuevo rol"
"About the calendar","About the calendar"
"Access Denied.","Access Denied."
"Access Deny","Access Deny"
"Action","Acción"
"Actions","Acciones"
"Account Created in:","Account Created in:"
"Account Created on (%s):","Account Created on (%s):"
"Account Created on:","Account Created on:"
"Actions XML","Actions XML"
"Active","Activo"
"Add after","Add after"
"Add Contents Path","Add Contents Path"
"Add Exception","Add Exception"
"Add Field Mapping","Add Field Mapping"
"Add Field with URL:","Add Field with URL:"
"Add Maintainer","Add Maintainer"
"Add New osCommerce Profile","Add New osCommerce Profile"
"Add New Profile","Add New Profile"
"Add New Urlrewrite","Add New Urlrewrite"
"Add Package dependency","Add Package dependency"
"Add PHP Extension dependency","Add PHP Extension dependency"
"Add Subpackage dependency","Add Subpackage dependency"
"Add Urlrewrite","Add Urlrewrite"
"Add Urlrewrite for a Category","Add Urlrewrite for a Category"
"Add Urlrewrite for a Product","Add Urlrewrite for a Product"
"Address Type:","Address Type:"
"Admin","Admin"
"Magento Admin","Admin Magento"
"Advanced Admin Section","Advanced Admin Section"
"Advanced Profiles","Advanced Profiles"
"Advanced Section","Advanced Section"
"Aggregate Order","Aggregate Order"
"Current Configuration Scope:","Alcanze de la configuración actual:"
"All Allowed Countries","All Allowed Countries"
"All Cache","All Cache"
"All fields","All fields"
"All Files","All Files"
"All possible rates were fetched, click on ""Save"" to apply","All possible rates were fetched, click on ""Save"" to apply"
"All rates were fetched, click on ""Save"" to apply","All rates were fetched, click on ""Save"" to apply"
"All Store Views","All Store Views"
"All valid rates successfully saved","All valid rates successfully saved"
"All Websites","All Websites"
"Amounts","Amounts"
"Any Attribute Set","Any Attribute Set"
"Any Group","Any Group"
"Any Status","Any Status"
"Any Store","Any Store"
"Any Type","Any Type"
"Any Visibility","Any Visibility"
"Last Name","Apellido"
"Api Key","Api Key"
"Api Key Confirmation","Api Key Confirmation"
"API Stability","API Stability"
"API Version","API Version"
"API:","API:"
"Archive file name:","Archive file name:"
"Are you sure you wish to INSTALL all selected packages?","Are you sure you wish to INSTALL all selected packages?"
"Are you sure you wish to UNINSTALL all selected packages?","Are you sure you wish to UNINSTALL all selected packages?"
"Are you sure you wish to UPGRADE all selected packages?","Are you sure you wish to UPGRADE all selected packages?"
"Area","Area"
"Assigned","Assigned"
"Subject","Asunto"
"Back","Atrás"
"Attribute set was successfully removed.","Atributo correctamente eliminado"
"Attribute Set Name:","Attribute Set Name:"
"Available Products","Available Products"
"Available Version","Available Version"
"Average Order Amount","Average Order Amount"
"Average Orders","Average Orders"
"Help Us Keep Magento Healthy - Report All Bugs","Ayúdanos a mantener a Magento saludable - <a href=""http://www.magentocommerce.com/bug-tracking"" target=""varien_external""><strong>Reporta todos los bugs</strong</a>>"
"Are you sure that you want to strip tags?","¿Está seguro de que quiere deshacer el etiquetado?"
"Are you sure that you want to delete this template?","¿Está seguro que quiere borrar esta plantilla?"
"What is this?","¿Qué es esto?"
"b","b"
"Back to local packages","Back to local packages"
"Back to Login","Back to Login"
"Backup record was deleted","Backup record was deleted"
"Backup successfully created","Backup successfully created"
"Base currency","Base currency"
"Global Record Search","Búsqueda de archivos global"
"No search modules registered","Búsqueda en módulos no permitida registrada"
"Bcc","Bcc"
"Bestsellers","Bestsellers"
"Big Image","Big Imagen grande"
"Billing address","Billing address"
"Delete","Borrar"
"Delete Template","Borrar plantilla"
"Delete Role","Borrar rol"
"Delete User","Borrar usuario"
"Delete Website","Borrar Website"
"Both (without and with tax)","Both (without and with tax)"
"Browse Available Extensions","Browse Available Extensions"
"Browse Available Remote Extensions","Browse Available Remote Extensions"
"Browse Files...","Browse Files..."
"Bundle Items","Bundle Items"
"Bundle with dynamic pricing cannot include custom defined options. Options will not be saved.","Bundle with dynamic pricing cannot include custom defined options. Options will not be saved."
"Search","Buscar"
"Cache Control","Cache Control"
"Cache Control (beta)","Cache Control (beta)"
"Cache Management","Cache Management"
"Toggle Editor","Cambiar a editor"
"Can not add new comment.","Can not add new comment."
"Can not add tracking number.","Can not add tracking number."
"Can not delete tracking number.","Can not delete tracking number."
"Can not do credit memo for order","Can not do credit memo for order"
"Can not do invoice for order","Can not do invoice for order"
"Can not do shipment for order.","Can not do shipment for order."
"Can not initialize shipment for adding tracking number.","Can not initialize shipment for adding tracking number."
"Can not initialize shipment for delete tracking number.","Can not initialize shipment for delete tracking number."
"Can not load track with retrieving identifier.","Can not load track with retrieving identifier."
"Can not retrieve tracking number detail.","Can not retrieve tracking number detail."
"Can not save credit memo","Can not save credit memo"
"Can not save invoice","Can not save invoice"
"Can not save shipment.","Can not save shipment."
"Can not send shipment information.","Can not send shipment information."
"Can not update item qty","Can not update item qty"
"Can't delete design change","Can't delete design change"
"Cancel","Cancelar"
"Qty","Cant."
"Can't find email address.","Can't find email address."
"Attributes","Características"
"Global Attribute","Características globales"
"Loading...","Cargando..."
"Catalog Rewrites","Catalog Rewrites"
"Catalog Rewrites was refreshed successfully","Catalog Rewrites was refreshed successfully"
"Catalog Rewrites were refreshed successfully","Catalog Rewrites were refreshed successfully"
"CatalogInventory Stock Status was rebuilded successfully","CatalogInventory Stock Status was rebuilded successfully"
"Catalog","Catálogo"
"Category","Category"
"Category:","Category:"
"Coupon Code","Código de cupón"
"Changelog","Changelog"
"Channel","Channel"
"Channel:","Channel:"
"Checkbox","Checkbox"
"Choose an attribute","Choose an attribute"
"Choose Store View","Choose Store View"
"Clear","Clear"
"Customer","Cliente"
"Customers","Clientes"
"Close","Close"
"close","close"
"Comment text field can not be empty.","Comment text field can not be empty."
"Comments History","Comments History"
"Complete","Complete"
"Connect with the Magento Community","Conectar con la comunidad Magento"
"Configuration","Configuración"
"Wrong tab configuration","Configuración de pestaña equivocada"
"Configuration successfully saved","Configuración grabada con éxito"
"Password Confirmation","Confirmar contraseña"
"Confirmed email:","Confirmed email:"
"Conflicts","Conflicts"
"Contents","Contents"
"Password","Contraseña"
"Password:","Contraseña:"
"Convert to Plain Text","Convertir a texto plano"
"Cookie (Unsafe)","Cookie (Unsafe)"
"Backups","Copias de seguridad"
"Fixed","corregido"
"Email","Correo"
"Country:","Country:"
"Add New Image","Crear imagen"
"Add New User","Crear usuario"
"Create","Create"
"Create DB Backup","Create DB Backup"
"Create Extension Package","Create Extension Package"
"Create New Attribute","Create New Attribute"
"Create Urlrewrite:","Create Urlrewrite:"
"Created At","Created At"
"Credit Memo #%s comment added","Credit Memo #%s comment added"
"Credit Memo #%s created","Credit Memo #%s created"
"Credit Memo cancel error.","Credit Memo cancel error."
"Credit Memo History","Credit Memo History"
"Credit Memo total must be positive.","Credit Memo total must be positive."
"Credit Memo Totals","Credit Memo Totals"
"Credit Memo void error","Credit Memo void error"
"Credit Memo was successfully canceled.","Credit Memo was successfully canceled."
"Credit Memo was successfully created","Credit Memo was successfully created"
"Credit Memo was successfully voided","Credit Memo was successfully voided"
"CRITICAL","CRITICAL"
"critical","critical"
"CSV","CSV"
"CSV / Tab separated","CSV / Tab separated"
"Grid (default) / List","Cuadrícula (defecto) / Lista"
"Any","Cualquiera"
"Account successfully saved","Cuenta guardada correctamente"
"Coupons","Cupones"
"Currency Setup Section","Currency Setup Section"
"Current Release Information","Current Release Information"
"Custom","Custom"
"Customer Group:","Customer Group:"
"Customer Name","Customer Name"
"Customer Since:","Customer Since:"
"Data Format","Data Format"
"Data transfer:","Data transfer:"
"Date selection:","Date selection:"
"Date selector","Date selector"
"Date:","Date:"
"From","De"
"Decimal separator:","Decimal separator:"
"Default (Admin) Values","Default (Admin) Values"
"Default Config","Default Config"
"Default display currency ""%s"" is not available in allowed currencies","Default display currency ""%s"" is not available in allowed currencies"
"Default scope","Default scope"
"Default Template from Locale","Default Template from Locale"
"Default Values","Default Values"
"Delete %s","Delete %s"
"Delete %s '%s'","Delete %s '%s'"
"Delete Profile","Delete Profile"
"Delete Store View","Delete Store View"
"Dependencies","Dependencies"
"Disabled","Desabilitado"
"Disable","Desabilitarr"
"Unknown","Desconocido"
"Description","Descripción"
"Description:","Description:"
"Design","Design"
"Design change deleted","Design change deleted"
"Design change saved","Design change saved"
"Design Section","Design Section"
"Developer Section","Developer Section"
"DHTML Date/Time Selector","DHTML Date/Time Selector"
"Shipping Address","Dirección de Embarque"
"Billing Address","Dirección de facturación"
"Primary Billing Address","Dirección de facturación principal"
"IP Address","Dirección IP"
"Direction:","Direction:"
"Discount Amount","Discount Amount"
"Display %s first","Display %s first"
"Display default currency","Display default currency"
"Distributed under GNU LGPL. See %s for details.","Distributed under GNU LGPL. See %s for details."
"Currency","Divisa"
"Do you really want to KILL parallel process and start new indexing process?","Do you really want to KILL parallel process and start new indexing process?"
"Done by:","Done by:"
"Done By:","Done By:"
"Download and Install","Download and Install"
"Download Remote File","Download Remote File"
"Downloading and installing $pkg, please wait...","Downloading and installing $pkg, please wait..."
"Drag to move","Drag to move"
"Drop-down","Drop-down"
"Edit Store View","Edit Store View"
"Edit Urlrewrite","Edit Urlrewrite"
"Edit","Editar"
"Edit Poll","Editar Encuesta"
"Edit Tag","Editar etiqueta"
"Edit Template","Editar plantilla"
"Edit Email Template","Editar plantilla de Email"
"Edit System Template","Editar plantilla de sistema"
"Edit Role","Editar Rol"
"Edit Website","Editar sitio web"
"Edit User","Editar usuario"
"Edit User '%s'","Editar usuario '%s'"
"Customer was deleted","El cliente fue borrado"
"Customer was successfully saved","El cliente fue grabado con éxito"
"User was successfully saved","El usuario fue grabado con éxito"
"User was successfully deleted","El usuario se ha borrado correctamente"
"Remove","Eliminar"
"Email address is empty.","Email address is empty."
"Email Address:","Email Address:"
"User Email","Email de usuario"
"Email to a Friend","Email to a Friend"
"Email:","Email:"
"Transactional Emails","Emails de transacciones"
"Enclose Values In:","Enclose Values In:"
"Poll was successfully deleted","Encuesta borrada correctamente"
"Poll was successfully saved","Encuesta correctamente guardada"
"Entity Type","Entity Type"
"Entity type:","Entity type:"
"Log into Magento Admin Page","Entrar en la página de administración de Magento"
"Shipping","Envio"
"Error while deleting this set.","Error borrando este grupo."
"Error uploading the file","Error uploading the file"
"Error while cleared Image cache. Please try again later","Error while cleared Image cache. Please try again later"
"Error while create backup. Please try again later","Error while create backup. Please try again later"
"Error while finished process. Please refresh cache","Error while finished process. Please refresh cache"
"Error while rebuilded CatalogInventory Stock Status. Please try again later","Error while rebuilded CatalogInventory Stock Status. Please try again later"
"Error while rebuilded Search Index. Please try again later","Error while rebuilded Search Index. Please try again later"
"Error while refreshed Catalog Rewrites. Please try again later","Error while refreshed Catalog Rewrites. Please try again later"
"Error while refreshed Layered Navigation Indices. Please try again later","Error while refreshed Layered Navigation Indices. Please try again later"
"Error while saving account. Please try again later","Error while saving account. Please try again later"
"Error while saving this configuration: ","Error while saving this configuration: "
"Error while updating selected review(s). Please try again later.","Error while updating selected review(s). Please try again later."
"This account is","Esta cuenta es"
"Status","Estado"
"Account status","Estado de la cuenta"
"We're in our typing table, coding away more features for Magento. Thank you for your patience.","Estamos al teclado, codificando nuevas características para Magento.<br/>Gracias por tu paciencia."
"Are you sure you want to do this?","Está seguro que quiere hacer eso?"
"This attribute shares the same value in all the stores","Este atributo comparte el mismo valor en todas las tiendas"
"This user no longer exists","Este usuario no existe"
"Tag was successfully deleted","Etiqueta correctamente eliminada"
"Tag was successfully saved","Etiqueta guardada con éxito"
"Tags","Etiquetas"
"Pending Tags","Etiquetas pendientes"
"Rating was successfully saved","Evaluación correctamente guardad"
"example: ""sitemap/"" or ""/"" for base path (path must be writeable)","example: ""sitemap/"" or ""/"" for base path (path must be writeable)"
"example: sitemap.xml","example: sitemap.xml"
"Excl. Tax","Excl. Tax"
"Exclude","Exclude"
"Exclude (comma separated)","Exclude (comma separated)"
"Customer with the same email already exists.","Existe un cliente con el mismo correo."
"Export Filters","Export Filters"
"Export:","Export:"
"Export","Exportar"
"Export to:","Exportar a:"
"Export CSV","Exportar CSV"
"Extension","Extension"
"Extension Name","Extension Name"
"Extensions","Extensions"
"Failed to add a product to cart by id ""%s""","Failed to add a product to cart by id ""%s"""
"Failed to load %1$s.xml or %1$s.ser","Failed to load %1$s.xml or %1$s.ser"
"Date Added","Fecha creación"
"Date Updated","Fecha de actualización"
"Expiration Date","Fecha de finalización"
"Expiration Date: %s/%s","Fecha de finalización: %s/%s"
"Field","Field"
"Field Mapping","Field Mapping"
"File","File"
"File Information","File Information"
"File name:","File name:"
"File size should be more than 0 bytes","File size should be more than 0 bytes"
"Final Price","Final Price"
"Finished profile execution.","Finished profile execution."
"First Name:","First Name:"
"Firstname","Firstname"
"For category","For category"
"For latest version visit: %s","For latest version visit: %s"
"For product","For product"
"Forgot your password?","Forgot your password?"
"Forgot your user name or password?","Forgot your user name or password?"
"Wrong column format","Formato de columna erróneo"
"FTP Host[:Port]","FTP Host[:Port]"
"Gb","Gb"
"General Section","General Section"
"Manage Customers","Gestionar clientes"
"Poll Manager","Gestionar encuestas"
"Manage Ratings","Gestionar valoraciones"
"Get help for this page","Get help for this page"
"Get Image Base64","Get Image Base64"
"Global Search","Global Search"
"Go Today","Go Today"
"Google Base","Google Base"
"Google Base Items","Google Base Items"
"Save Account","Grabar cuenta"
"Group:","Group:"
"Save","Guardar"
"Save Template","Guardar plantilla"
"Save Role","Guardar rol"
"Save User","Guardar usuario"
"Save And Continue Edit","Guardar y continuar editando"
"Enabled","Habilitado"
"Enable","Habilitar"
"Tools","Herramientas"
"HTTP (unsecure)","HTTP (no seguro)"
"HTTPS (SSL)","HTTPS (SSL)"
"ID","ID"
"User ID","ID de Usuario"
"ID Path","ID Path"
"Logged in as %s","Identificado como <strong>%s</strong>"
"Role ID","Identificador de rol"
"Ignore","Ignore"
"Image cache was cleared successfully","Image cache was cleared successfully"
"Thumbnail","Imagen en miniatura"
"Images (.gif, .jpg, .png)","Images (.gif, .jpg, .png)"
"Images Cache","Images Cache"
"images/logo.gif","images/logo.gif"
"Images","Imágenes"
"Import","Import"
"Import Service","Import Service"
"Import/Export","Import/Export"
"Import/Export Advanced","Import/Export Advanced"
"Import/Export Profile","Import/Export Profile"
"Imported <strong>%s</strong> records","Imported <strong>%s</strong> records"
"Unable to find a tag to delete","Imposible encontrar etiqueta para borrar"
"Unable to find a poll to delete","Imposible encontrar una encuesta a eliminar"
"Tax","Impuestos"
"In","In"
"In Database:","In Database:"
"In File:","In File:"
"Inactive","Inactivo"
"Incl. Tax","Incl. Tax"
"Include","Include"
"Incoming Message","Incoming Message"
"Individual Item","Individual Item"
"Block Information","Información de bloque"
"Account Information","Información de cuenta"
"Currency Information","Información de la moneda"
"Role Information","Información de rol"
"User Info","Información de usuario"
"User Information","Información de usuario"
"Role Info","Información del Rol"
"General Information","Información general"
"Personal Information","Información personal"
"Revenue","Ingreso"
"Login","Ingreso"
"Home","Inicio"
"Install","Install"
"Install Package File","Install Package File"
"Installed As","Installed As"
"Installed Extension Info","Installed Extension Info"
"Installed Version","Installed Version"
"Installing $pkg, please wait...","Installing $pkg, please wait..."
"Installing selected packages, please wait...","Installing selected packages, please wait..."
"Instant Payment Notification (IPN)","Instant Payment Notification (IPN)"
"Interactive","Interactive"
"Interface Locale: %s","Interfaz Local: %s"
"Invalid directory: %s","Invalid directory: %s"
"Invalid file: %s","Invalid file: %s"
"Invalid Form Key","Invalid Form Key"
"Invalid Import Service Specified","Invalid Import Service Specified"
"Invalid input data for %s => %s rate","Invalid input data for %s => %s rate"
"Invalid input:","Invalid input:"
"Invalid parrent block for this block","Invalid parrent block for this block"
"Invalid POST data (please check post_max_size and upload_max_filesize settings in you php.ini file)","Invalid POST data (please check post_max_size and upload_max_filesize settings in you php.ini file)"
"Invalid section value","Invalid section value"
"Invalid store value","Invalid store value"
"Invalid URL","Invalid URL"
"Invalid Username or Password.","Invalid Username or Password."
"Invalid website value","Invalid website value"
"Inventory Stock Status","Inventory Stock Status"
"Guest","Invitado"
"Invoice #%s comment added","Invoice #%s comment added"
"Invoice #%s created","Invoice #%s created"
"Invoice and shipment was successfully created.","Invoice and shipment was successfully created."
"Invoice cancel error.","Invoice cancel error."
"Invoice capture error","Invoice capture error"
"Invoice History","Invoice History"
"Invoice Totals","Invoice Totals"
"Invoice void error","Invoice void error"
"Invoice was successfully canceled.","Invoice was successfully canceled."
"Invoice was successfully captured","Invoice was successfully captured"
"Invoice was successfully created.","Invoice was successfully created."
"Invoice was successfully voided","Invoice was successfully voided"
"Issue Number","Issue Number"
"Issuer: %s","Issuer: %s"
"Items","Items"
"items selected","items selected"
"Kb","Kb"
"The information in this tab has been changed.","La información en esta lengüeta ha sido modificada."
"Last 24 hours","Last 24 hours"
"Last 5 Orders","Last 5 Orders"
"Last 5 Search Terms","Last 5 Search Terms"
"Last 7 days","Last 7 days"
"Last Logged In (%s):","Last Logged In (%s):"
"Last Logged In:","Last Logged In:"
"Last Month","Last Month"
"Last Name:","Last Name:"
"Lastname","Lastname"
"Latest Message:","Latest Message:"
"Layered Navigation indexing queue cancelled","Layered Navigation indexing queue cancelled"
"Layered Navigation indexing queued","Layered Navigation indexing queued"
"Layered Navigation Indices","Layered Navigation Indices"
"Layered Navigation Indices was refreshed successfully","Layered Navigation Indices was refreshed successfully"
"Layered Navigation Indices were refreshed successfully","Layered Navigation Indices were refreshed successfully"
"Layered Navigation process queued to be killed","Layered Navigation process queued to be killed"
"Leave empty to use tax identifier","Leave empty to use tax identifier"
"Level","Level"
"License","License"
"License URI","License URI"
"License:","License:"
"Links","Links"
"Sorry, this feature is coming soon...","Lo sentimos, pronto estará disponible esta opción..."
"Load default template","Load default template"
"Load local Package","Load local Package"
"Load Template","Load Template"
"Local Server","Local Server"
"Local/Remote Server","Local/Remote Server"
"Locale","Locale"
"Magento Logo","Logo Magento"
"Magento Commerce - Administrative Panel","Magento Commerce - Panel administrativo"
"Magento Connect","Magento Connect"
"Magento Connect Manager","Magento Connect Manager"
"Magento is a trademark of Irubin Consulting Inc. DBA Varien. Copyright &copy; %s Irubin Consulting Inc.","Magento is a trademark of Irubin Consulting Inc. DBA Varien. Copyright &copy; %s Irubin Consulting Inc."
"Magento&trade; is a trademark of Irubin Consulting Inc. DBA Varien.<br/>Copyright &copy; %s Irubin Consulting Inc.","Magento&trade; is a trademark of Irubin Consulting Inc. DBA Varien.<br/>Copyright &copy; %s Irubin Consulting Inc."
"Maintainers","Maintainers"
"MAJOR","MAJOR"
"major","major"
"Manage Currency Rates","Manage Currency Rates"
"Manage Installed Extensions","Manage Installed Extensions"
"Manage osCommerce Orders","Manage osCommerce Orders"
"Manage osCommerce Profiles","Manage osCommerce Profiles"
"Manage Stores","Manage Stores"
"Matched expression","Matched expression"
"Max","Max"
"Maximum","Maximum"
"Mb","Mb"
"md5sum","md5sum"
"Media (.avi, .flv, .swf)","Media (.avi, .flv, .swf)"
"Messages Inbox","Messages Inbox"
"My Account","Mi cuenta"
"Min","Min"
"Minimum","Minimum"
"MINOR","MINOR"
"minor","minor"
"Most Viewed Products","Most Viewed Products"
"MS Excel XML","MS Excel XML"
"N/A","N/D"
"Name on Card","Name on Card"
"Name:","Name:"
"Credit Card Number","Número de tarjeta de crédito"
"Number of Uses","Número de usos"
"Card Verification Number","Número de verificación de la tarjeta"
"New Accounts","New Accounts"
"New admin password","New admin password"
"New Api Key","New Api Key"
"New Customers","New Customers"
"New Extension","New Extension"
"New Item Type","New Item Type"
"New Profile","New Profile"
"New Store View","New Store View"
"Next month (hold for menu)","Next month (hold for menu)"
"Next year (hold for menu)","Next year (hold for menu)"
"None","Ninguno"
"No","No"
"No (price without tax)","No (price without tax)"
"No change","No change"
"No Data Found","No Data Found"
"No Extensions Found","No Extensions Found"
"No profile","No profile"
"No profile loaded...","No profile loaded..."
"You cannot delete account of yourself","No puedes borrar una tuya"
"You can not delete self assigned roles.","No puedes eliminar reglas auto asignadas"
"No records found for this period.","No records found for this period."
"Unable to find a user to delete","No se encuentra un usuario para eliminar"
"No Templates Found","No se han encontrado plantillas"
"No records found.","No se han encontrado resultados."
"No search keywords.","No search keywords."
"You have not enought permissions to login.","No tienes suficientes permisos para logearte"
"Name","Nombre"
"First Name","Nombre"
"Template Name","Nombre de plantilla"
"User Name","Nombre de usuario"
"User Name:","Nombre de usuario:"
"Role Name","Nombre del rol"
"Note:","Note:"
"Notes","Notes"
"Notes:","Notes:"
"NOTICE","NOTICE"
"notice","notice"
"New Password","Nueva contraseña"
"New Tag","Nueva etiqueta"
"New Template","Nueva plantilla"
"New Email Template","Nueva plantilla de Correo"
"New System Template","Nueva plantilla del sistema"
"New Website","Nuevo Sitio Web"
"New User","Nuevo usuario"
"Number of Orders","Number of Orders"
"Number of records:","Number of records:"
"Number of Use","Number of Use"
"Required","Obligatorio"
"Error while deleting this role. Please try again later.","Ocurrió un error mientras se eliminaba el rol. Por favor"
"Error while saving this role. Please try again later.","Ocurrió un error mientras se guardaba el rol. Por favor"
"of %s pages","of &nbsp;<strong>%s</strong>"
"Old rate:","Old rate:"
"One of options row has error","One of options row has error"
"Only attributes with scope ""Global"", input type ""Dropdown"" and Use To Create Configurable Product ""Yes"" are available.","Only attributes with scope ""Global"", input type ""Dropdown"" and Use To Create Configurable Product ""Yes"" are available."
"Only mapped fields","Only mapped fields"
"Options","Opciones"
"Optional","Optional"
"Order #%s","orden #%s"
"Sort Order","Ordenar por tipo"
"Order confirmation email not sent","Order confirmation email not sent"
"Order confirmation email sent","Order confirmation email sent"
"Order not longer exist","Order not longer exist"
"Order not longer exist.","Order not longer exist."
"Original Magento attribute names in first row:","Original Magento attribute names in first row:"
"Country","País"
"Package","Package"
"Package %s data was successfully loaded","Package %s data was successfully loaded"
"Package Extensions","Package Extensions"
"Package File Name","Package File Name"
"Package Info","Package Info"
"Package Information","Package Information"
"Packages","Packages"
"Dashboard","Panel"
"Parent Product Thumbnail","Parent Product Thumbnail"
"Passive mode","Passive mode"
"Path","Path"
"Path:","Path:"
"Payment Data Transfer (PDT)","Payment Data Transfer (PDT)"
"Payment method must be specified","Payment method must be specified"
"PayPal Email","PayPal Email"
"Page","Página"
"Previous page","Página previa"
"PEAR config","PEAR config"
"PEAR Configuration was successfully saved","PEAR Configuration was successfully saved"
"PEAR Console","PEAR Console"
"Order #%s (%s)","Pedido #%s (%s)"
"Orders","Pedidos"
"Recent Orders","Pedidos recientes"
"Pending installation...","Pending installation..."
"Percent","Percent"
"Performed At","Performed At"
"Period","Period"
"Permanent (301)","Permanent (301)"
"Permissions","Permisos"
"Phone:","Phone:"
"PHP Version","PHP Version"
"Template Content","Plantilla de contenido"
"Template Information","Plantilla de información"
"Please enter 6 or more characters.","Please enter 6 or more characters."
"Please enter a number greater than 0 in this field.","Please enter a number greater than 0 in this field."
"Please enter a valid $ amount. For example $100.00.","Please enter a valid $ amount. For example $100.00."
"Please enter a valid credit card number.","Please enter a valid credit card number."
"Please enter a valid date.","Please enter a valid date."
"Please enter a valid email address. For example johndoe@domain.com.","Please enter a valid email address. For example johndoe@domain.com."
"Please enter a valid number in this field.","Please enter a valid number in this field."
"Please enter a valid phone number. For example (123) 456-7890 or 123-456-7890.","Please enter a valid phone number. For example (123) 456-7890 or 123-456-7890."
"Please enter a valid social security number. For example 123-45-6789.","Please enter a valid social security number. For example 123-45-6789."
"Please enter a valid URL. For example http://www.example.com or www.example.com","Please enter a valid URL. For example http://www.example.com or www.example.com"
"Please enter a valid URL. http:// is required","Please enter a valid URL. http:// is required"
"Please enter a valid value from list","Please enter a valid value from list"
"Please enter a valid value, ex: 10,20,30","Please enter a valid value, ex: 10,20,30"
"Please enter a valid zip code.","Please enter a valid zip code."
"Please enter a valid zip code. For example 90602 or 90602-1234.","Please enter a valid zip code. For example 90602 or 90602-1234."
"Please enter valid password.","Please enter valid password."
"Please make sure that your changes were saved before running the profile.","Please make sure that your changes were saved before running the profile."
"Please make sure your passwords match.","Please make sure your passwords match."
"Please select a custmer","Please select a custmer"
"Please select an option.","Please select an option."
"Please select catalog searches","Please select catalog searches"
"Please select customer(s)","Please select customer(s)"
"Please select one of the above options.","Please select one of the above options."
"Please select one of the options.","Please select one of the options."
"Please select review(s)","Please select review(s)"
"Please select State/Province.","Please select State/Province."
"Please select tag(s)","Please select tag(s)"
"Please specify admin custom URL","Please specify admin custom URL"
"Please specify at least start or end date.","Please specify at least start or end date."
"Please use in this field only ""a-z,0-9,_"".","Please use in this field only ""a-z,0-9,_""."
"Please use letters only (a-z) in this field.","Please use letters only (a-z) in this field."
"Please use numbers only in this field. please avoid spaces or other characters such as dots or commas.","Please use numbers only in this field. please avoid spaces or other characters such as dots or commas."
"Please use only letters (a-z) or numbers (0-9) only in this field. No spaces or other characters are allowed.","Please use only letters (a-z) or numbers (0-9) only in this field. No spaces or other characters are allowed."
"Please use only letters (a-z) or numbers (0-9) or spaces and # only in this field.","Please use only letters (a-z) or numbers (0-9) or spaces and # only in this field."
"Please use this date format: dd/mm/yyyy. For example 17/03/2006 for the 17th of March, 2006.","Please use this date format: dd/mm/yyyy. For example 17/03/2006 for the 17th of March, 2006."
"Please wait, loading...","Please wait, loading..."
"Please wait...","Please wait..."
"Please, add a few answers to this poll first","Please, add a few answers to this poll first"
"Please, select visible in stores to this poll first","Please, select visible in stores to this poll first"
"Please make sure that all global admin search modules are installed and activated.","Por favor"
"Please confirm site switching. All data that hasn't been saved will be lost.","Por favor"
"Please fill in 'email' field.","Por favor rellene el campo 'email'."
"Please select a store","Por favor seleccione una tienda"
"Per Order","Por Orden"
"per page","por página"
"Per Item","Por producto"
"Position of Watermark for %s","Position of Watermark for %s"
"Price","Precio"
"Shipping Price","Precio de envío"
"Price:","Precio:"
"Preferred state","Preferred state"
"Preparing to change $pkg, please wait...","Preparing to change $pkg, please wait..."
"Prev. month (hold for menu)","Prev. month (hold for menu)"
"Prev. year (hold for menu)","Prev. year (hold for menu)"
"Preview Template","Previsión de la Plantilla"
"Preview","Previsualización"
"Email Preview","Previsualización del correo"
"Price alert subscription was saved successfully","Price alert subscription was saved successfully"
"Processed <strong>%s%% %s/%d</strong> records","Processed <strong>%s%% %s/%d</strong> records"
"Product Thumbnail Itself","Product Thumbnail Itself"
"Product:","Product:"
"Product","Producto"
"Products","Productos"
"Profile Action","Profile Action"
"Profile Actions XML","Profile Actions XML"
"Profile Direction","Profile Direction"
"Profile History","Profile History"
"Profile Information","Profile Information"
"Profile Name","Profile Name"
"Profile was deleted","Profile was deleted"
"Profile was successfully saved","Profile was successfully saved"
"Profile Wizard","Profile Wizard"
"Profiles","Profiles"
"Promo","Promoción"
"Promotions","Promociones"
"Provided Files","Provided Files"
"Quantity","Quantity"
"Queue Refresh","Queue Refresh"
"Queued... Cancel","Queued... Cancel"
"Radio Buttons","Radio Buttons"
"Read details","Read details"
"Rebuild","Rebuild"
"Recommended","Recommended"
"Recursive Dir","Recursive Dir"
"Role Resources","Recursos del Rol"
"Roles Resources","Recursos por Rol"
"Redirect","Redirigir"
"Refresh","Refresh"
"Refresh Now*","Refresh Now*"
"Region/State","Region/Estado"
"Role successfully saved.","Regla guardada correctamente."
"Roles","Reglas"
"Release","Release"
"Release Info","Release Info"
"Release Stability","Release Stability"
"Release Version","Release Version"
"Sender","Remitente"
"Remote Extension Info","Remote Extension Info"
"Remote FTP","Remote FTP"
"Remote URL:","Remote URL:"
"List (default) / Grid","Reporte (por defecto) / Rejilla"
"Wishlist Report","Reporte de Lista"
"Sales Report","Reporte de ventas"
"Reports","Reportes"
"Request Path","Request Path"
"Reset","Resetear"
"Resize","Resize"
"Resource Access","Resource Access"
"Resources","Resources"
"Backup","Respaldo"
"Reset Filter","Restablecer filtro"
"Results","Resultados"
"Retrieve Password","Retrieve Password"
"Role successfully deleted.","Rol borrado con éxito."
"User Role","Rol de Usuario"
"Role Users","Rol de usuarios"
"Role","Role"
"User Roles","Roles de usuarios"
"Rotate CCW","Rotate CCW"
"Rotate CW","Rotate CW"
"Run","Run"
"Run in popup","Run in popup"
"Run Profile","Run Profile"
"Run Profile In Popup","Run Profile In Popup"
"Run Profile Inside This Window","Run Profile Inside This Window"
"Running... Kill","Running... Kill"
"Running:","Running:"
"Log Out","Salir"
"Samples","Samples"
"Save & Generate","Save & Generate"
"Save and Continue Editing","Save and Continue Editing"
"Save As...","Save As..."
"Save cache settings","Save cache settings"
"Save Config","Save Config"
"Save Currency Rates","Save Currency Rates"
"Save data and Create Package","Save data and Create Package"
"Save package with custom package file name","Save package with custom package file name"
"Save PEAR Config","Save PEAR Config"
"Save Profile","Save Profile"
"Grid only","Sólo cuadrícula"
"List only","Sólo Reporte"
"You successfully logged out.","Se ha desconectado correctamente."
"Search Index","Search Index"
"Search Index was rebuilded successfully","Search Index was rebuilded successfully"
"Search Term","Search Term"
"Search Terms","Search Terms"
"Select All","Seleccionar todos"
"Multiple Select","Seleccionar varios"
"Select","Select"
"Select Category","Select Category"
"Select date","Select date"
"Select Date","Select Date"
"Select Range","Select Range"
"Select Visible","Select Visible"
"Selected allow currency ""%s"" is not available in installed currencies","Selected allow currency ""%s"" is not available in installed currencies"
"Selected base currency is not available in installed currencies","Selected base currency is not available in installed currencies"
"Selected default display currency is not available in allowed currencies","Selected default display currency is not available in allowed currencies"
"Selected default display currency is not available in installed currencies","Selected default display currency is not available in installed currencies"
"Separate email","Separate email"
"Attribute set successfully saved.","Set de atributos grabado correctamente."
"Shipment #%s comment added","Shipment #%s comment added"
"Shipment #%s created","Shipment #%s created"
"Shipment Comments","Shipment Comments"
"Shipment History","Shipment History"
"Shipment was successfully created.","Shipment was successfully created."
"Shipment was successfully sent.","Shipment was successfully sent."
"Shipping address","Shipping address"
"Shipping address selection is not applicable","Shipping address selection is not applicable"
"Shipping method must be specified","Shipping method must be specified"
"Shipping method selection is not applicable","Shipping method selection is not applicable"
"Shipping origin","Shipping origin"
"Shopping Cart from %s","Shopping Cart from %s"
"Show by","Show by"
"Show Report for","Show Report for"
"Show reviews","Show reviews"
"Yes","Si"
"Next page","Siquiente página"
"System","Sistema"
"Sitemap Information","Sitemap Information"
"Website","Sitio Web"
"Size for %s","Size for %s"
"Skip category selection","Skip category selection"
"SKU","SKU"
"SKU:","SKU:"
"Some items in this order have different invoice and shipment types. You can create shipment only after the invoice is created.","Some items in this order have different invoice and shipment types. You can create shipment only after the invoice is created."
"Some of the ordered items don't exist in the catalog anymore and will be removed if you try to edit the order.","Some of the ordered items don't exist in the catalog anymore and will be removed if you try to edit the order."
"Specific Countries","Specific Countries"
"Spreadsheet Name:","Spreadsheet Name:"
"SSL Error: Invalid or self-signed certificate","SSL Error: Invalid or self-signed certificate"
"Stability","Stability"
"Start Date","Start Date"
"Starting profile execution, please wait...","Starting profile execution, please wait..."
"State/Province:","State/Province:"
"Status:","Status:"
"Stock notification was saved successfully","Stock notification was saved successfully"
"Stock Quantity:","Stock Quantity:"
"Store Email Addresses Section","Store Email Addresses Section"
"Store View","Store View"
"store(%s) scope","store(%s) scope"
"Store:","Store:"
"Submit","Submit"
"Subpackage","Subpackage"
"Subpackage can't be conflicting","Subpackage can't be conflicting"
"Subpackages","Subpackages"
"Subtotal","Subtotal"
"Subtotal Amount","Subtotal Amount"
"Summary","Summary"
"Summary:","Summary:"
"Switch/Solo card issue number: %s","Switch/Solo card issue number: %s"
"Switch/Solo card start Date: %s/%s","Switch/Solo card start Date: %s/%s"
"Switch/Solo Only","Switch/Solo Only"
"Switch/Solo/Maestro(UK Domestic) card issue number: %s","Switch/Solo/Maestro(UK Domestic) card issue number: %s"
"Switch/Solo/Maestro(UK Domestic) card start Date: %s/%s","Switch/Solo/Maestro(UK Domestic) card start Date: %s/%s"
"Switch/Solo/Maestro(UK Domestic) Only","Switch/Solo/Maestro(UK Domestic) Only"
"System Section","System Section"
"Target Path","Target Path"
"Rates","Tasas"
"Tb","Tb"
"Template Subject","Tema de la Plantilla"
"Template","Template"
"Temporary (302)","Temporary (302)"
"Text","Texto"
"The archive can be uncompressed with <a href=""%s"">%s</a> on Windows systems","The archive can be uncompressed with <a href=""%s"">%s</a> on Windows systems"
"This attribute set don't have attributes which we can use for configurable product","This attribute set don't have attributes which we can use for configurable product"
"This is a required field.","This is a required field."
"This product is currently disabled","This product is currently disabled"
"This section is not allowed.","This section is not allowed."
"This tab contains invalid data. Please solve the problem before saving.","This tab contains invalid data. Please solve the problem before saving."
"Store","Tienda"
"Time selection:","Time selection:"
"Time:","Time:"
"Type","Tipo"
"Template Type","Tipo de plantilla"
"Credit Card Type","Tipo de tarjeta de crédito"
"to","to"
"All Tags","Todas las etiquetas"
"All","Todos"
"All countries","Todos los paises"
"Top 5 Search Terms","Top 5 Search Terms"
"Grand Total","Total"
"Total","Total"
"Total Amount","Total Amount"
"Order Totals","Total de pedidos"
"Total Invoiced","Total Invoiced"
"Total of %d record(s) were successfully deleted","Total of %d record(s) were successfully deleted"
"Total of %d record(s) were successfully updated","Total of %d record(s) were successfully updated"
"Total Order Amount","Total Order Amount"
"Total Refunded","Total Refunded"
"Track order","Track order"
"Track this shipment","Track this shipment"
"Tracking number %s for %s assigned","Tracking number %s for %s assigned"
"Tracking number can not be empty.","Tracking number can not be empty."
"Type:","Type:"
"Unable to initialize import model","Unable to initialize import model"
"Unable to save Cron expression","Unable to save Cron expression"
"Uninstall","Uninstall"
"Uninstalling $pkg, please wait...","Uninstalling $pkg, please wait..."
"Uninstalling selected packages, please wait...","Uninstalling selected packages, please wait..."
"Unknown error","Unknown error"
"Unselect All","Unselect All"
"Unselect Visible","Unselect Visible"
"Update","Update"
"Updated At","Updated At"
"Upgrade","Upgrade"
"Upgrade All Available Packages","Upgrade All Available Packages"
"Upgrade all available packages","Upgrade all available packages"
"Upgrade all packages","Upgrade all packages"
"Upgrading $pkg, please wait...","Upgrading $pkg, please wait..."
"Upgrading all available packages, please wait...","Upgrading all available packages, please wait..."
"Upgrading all packages, please wait...","Upgrading all packages, please wait..."
"Upgrading selected packages, please wait...","Upgrading selected packages, please wait..."
"Upload and Install","Upload and Install"
"Upload File","Upload File"
"Upload Files","Upload Files"
"Upload HTTP Error","Upload HTTP Error"
"Upload I/O Error","Upload I/O Error"
"Upload import file","Upload import file"
"Upload Local File","Upload Local File"
"Upload local file:","Upload local file:"
"Upload Security Error","Upload Security Error"
"Url Rewrite Management","Url Rewrite Management"
"Urlrewrite Information","Urlrewrite Information"
"Use default","Usar por defecto"
"User Roles Information","Usar reglas de información"
"Use Default Value","Use Default Value"
"User","User"
"User name","User name"
"Users","Usuarios"
"Use website","Utilizar website"
"Rating was successfully deleted","Valoración correctamente eliminada"
"Value","Value"
"Value Delimiter:","Value Delimiter:"
"Lifetime Sales","Ventas de por vida"
"View","Ver"
"Magento ver. %s","Versión Magento <strong>%s</strong>"
"Version","Version"
"Version:","Version:"
"View Actions XML","View Actions XML"
"View Statistics for","View Statistics for"
"Visibility:","Visibility:"
"Return Html Version","Volver a la versión HTML"
"Warning! Empty value can cause problems with CSV format.","Warning! Empty value can cause problems with CSV format."
"Warning!rnThis action will remove this user from already assigned rolernAre you sure?","Warning!rnThis action will remove this user from already assigned rolernAre you sure?"
"Warning!rnThis action will remove those users from already assigned rolesrnAre you sure?","Warning!rnThis action will remove those users from already assigned rolesrnAre you sure?"
"Warning: Please don't close window during importing/exporting data","Warning: Please don't close window during importing/exporting data"
"Watermark File for %s","Watermark File for %s"
"Web Section","Web Section"
"Web Services","Web Services"
"Web services","Web services"
"website(%s) scope","website(%s) scope"
"XML","XML"
"User with the same User Name or Email aleady exists","Ya existe un usuario con el mismo nombre de usuario o Email."
"Yes (only price with tax)","Yes (only price with tax)"
"You have","You have"
"You have not enought permissions to use this functionality.","You have not enought permissions to use this functionality."
"You need specify carrier.","You need specify carrier."
"You need to specify order items","You need to specify order items"
"Your Account has been deactivated.","Your Account has been deactivated."
"Your answers contain duplicates.","Your answers contain duplicates."
"Your server PHP settings allow you to upload files not more than %s at a time. Please modify post_max_size (currently is %s) and upload_max_filesize (currently is %s) values in php.ini if you want to upload larger files.","Your server PHP settings allow you to upload files not more than %s at a time. Please modify post_max_size (currently is %s) and upload_max_filesize (currently is %s) values in php.ini if you want to upload larger files."
"YTD","YTD"
"Zip/Postal Code","Zip/Código postal"
"Zip/Postal Code:","Zip/Postal Code:"
"[ deleted ]","[ deleted ]"
"[deleted]","[deleted]"
"{{base_url}} is not recommended to use in a production environment to declare the Base Unsecure Url / Base Secure Url. It is highly recommended to change this value in your Magento <a href=""%s"">configuration</a>.","{{base_url}} is not recommended to use in a production environment to declare the Base Unsecure Url / Base Secure Url. It is highly recommended to change this value in your Magento <a href=""%s"">configuration</a>."
